,제목,내용,링크
0,"[오~컬쳐]데드사이드클럽, 기존 슈팅게임과 어떻게 다를까",데브시스터즈가 선보인 온라인 슈팅 게임 '데드사이드클럽'은 지금까지 데브시스터즈가 선보인 게임과 결을 달리한다. 앞서 2013년 '쿠키런 for Kakao'를 시작으로 2021년 '쿠키런: 킹덤'을 통해 캐주얼 장르,https://n.news.naver.com/article/293/0000042715
1,<속보>위태로운 부산 성동초 등굣길 개선 속도낸다,부산시교육청과 남구 남부서가 좁은 양방향 도로에 차와 보행자가 뒤섞여 위험한(국제신문 지난 3일 온라인 보도) 부산 남구 성동초 통학로 개선에 나선다. 부산시교육청은 유관 기관 합동으로 9일 오전 남구 성동초에서 통,https://n.news.naver.com/article/658/0000035097
2,"합참 ""北, 서해 방향으로 단거리 탄도미사일 1발 발사""","합동참모본부는 북한이 오늘(9일) 저녁 6시 20분쯤 남포 일대에서 서해 방향으로 단거리 탄도 미사일 1발을 발사했다고 밝혔습니다. 군 당국은 정확한 비행 거리와 고도, 속도 등 제원을 분석하고 있습니다. 군 관계자",https://n.news.naver.com/article/052/0001858839
3,"“16명 죽인 애들, 북송 의견으로 해” 그날, 서훈의 발언","탈북 어민 강제북송 사건 때 서훈 당시 국가정보원장이 ‘어민 상대 강제수사가 필요하다’는 실무진 보고를 묵살하고, 북송을 기정사실화하는 내용으로 보고서를 수정하라고 지시한 것으로 조사됐다. 문재인정부 안보라인 책임자",https://n.news.naver.com/article/005/0001592397
4,모델로 마동석 세우고 한국에 1000억 쓰겠다는 '이 회사',“알리익스프레스 프사(프로필 사진)로 마동석 사진을 걸었더니 마음이 든든하다” 해외 직구 플랫폼 알리익스프레스의 상품평 페이지에는 배우 마동석 사진을 프로필에 걸어둔 한국인을 곳곳에서 찾을 수 있다. 주얼리부터 가전,https://n.news.naver.com/article/011/0004165202
5,그냥 아픈줄 알았는데 '번아웃'...극복하려면,"정신적으로나 신체적으로 극도의 피로를 의미하는 번아웃은 감정적, 신체적, 정신적 스트레스에 오랫동안 시달리는 사람이라면 누구에게나 찾아올 수 있다. 번아웃은 여러 가지 양상으로 나타나기 때문에 증상을 잘 살피고 대처",https://n.news.naver.com/article/296/0000063857
6,[자막뉴스] 270년 전통 초가 새 지붕 단장했지만.. 점점 '사라질  위기',"제주시 삼도2동 박씨초가 / 오늘(9일) 오전 누렇게 잘 마른 이엉재를 힘껏 던져 올립니다. 예스러운 초가지붕 위에선 새 지붕을 잇는 손길이 분주합니다. 봄을 맞아, 세월에 낡아버린 지붕을 걷어내고 띠를 엮어 만든 ",https://n.news.naver.com/article/661/0000021640
7,넷플릭스 '나는 신이다'가 소환한 동아일보 편집국 난동 사건과 조선일보의 사과,국내 사이비 종교 실체를 고발한 넷플릭스 다큐멘터리 <나는 신이다: 신이 배신한 사람들>에 반응이 뜨겁다. 다큐가 다룬 여러 사이비 가운데서도 기독교복음선교회(JMS) 총재 정명석씨의 충격적 성범죄가 시청자 공분을 ,https://n.news.naver.com/article/006/0000117162
8,School violence countermeasures 'ineffective': study,"Existing countermeasures against school violence in Korea were found to have been mostly ineffective, with preventative ",https://n.news.naver.com/article/044/0000244242
9,"고백 스무 번 만에 커플, 980일 만에 결혼한 발달장애인",“하루 중에 1분 1초 다르듯 날마다 넌 새로워져~.” 샤이니의 노래 <원오브원>에 맞춰 신랑 안태훈(25)씨가 전동휠체어를 타고 들어왔다. 턱시도를 입은 그는 이쪽저쪽 하객을 보며 사진 찍을 시간을 줬다. 신랑 입,https://n.news.naver.com/article/036/0000047866
10,"[JTBC 여론조사] 윤 대통령 당선 1년…국민 46% ""한국 사회 더 나빠졌다""",1년 전인 지난해 오늘(9일)은 수많은 약속들이 있었던 대통령 선거일이었습니다. 초박빙 접전 이후 한 사람은 대통령이 됐고 또 한 사람은 대선에선 떨어졌지만 제1야당의 당대표가 됐습니다. 대선 1년을 맞아 JTBC가,https://n.news.naver.com/article/437/0000334977
11,"""귀신 붙었다"" 퇴마의식 빙자해 성추행…법원 판단은?","“귀신이 붙어 있다” “쫓아내지 않으면 가족이 죽는다” 등의 말로 피해자들을 속여 퇴마의식이라며 성추행, 유사강간 등의 범죄를 저지른 무속인에 대한 재판이 열렸다. 40대 무속인 A씨는 이 같은 방법으로 수십 명의 ",https://n.news.naver.com/article/031/0000733345
12,"'尹 엄석대' 이준석에 김종혁 ""대통령이 깡패인가..너무 나가, 천아용인 폭망""[여의도초대석]",△유재광 앵커: 서울광역방송센터입니다. 국민의힘 전당대회에서 김기현 대표가 집권여당 새 당 대표로 선출됐습니다. 5명의 최고위원도 모두 윤심을 받은 이른바 친윤 후보들로 채워졌습니다. ‘여의도초대석’ 국민의힘 전당대,https://n.news.naver.com/article/660/0000029721
13,"지하철 전단지 붙이던 전장연 활동가, 저지당하자 보안관 폭행해 입건","전국장애인차별철폐연대(전장연) 활동가가 스티커 부착 등 장애인 권리 예산 확보 시위를 벌이다, 지하철 보안관을 폭행했다는 신고가 접수돼 경찰이 수사에 착수했다. 9일 경찰에 따르면 서울 용산경찰서는 전장연 관계자 A",https://n.news.naver.com/article/021/0002560564
14,숫자가 아니라 이야기의 주인공으로 죽을 수 있을까,"숫자는 몸의 형상을 띠지도, 붉은 피를 내비치지도 않는다. 그래서 웬만해서는 감정을 건드리지 않는다. 숫자와 통계는 맥락 속에서만 의미가 있다. 또한 어떤 관점에서 접근하고 해석하는가에 따라 맥락 자체가 달라지기도 ",https://n.news.naver.com/article/007/0000007322
15,"""그가 괴롭혀 55명 사표""…'일본의 자랑' WHO 사무국장 해임","세계보건기구(WHO) 서태평양 지역사무국(필리핀·마닐라)의 가사이 다케시 사무국장이 직원에 대한 학대 행위와 인종차별적 발언으로 해임됐다. 구체적인 학대 행위와 인종차별 발언 내용은 알려지지 않았으나, 가사이 전 사",https://n.news.naver.com/article/008/0004860355
16,"서훈 '탈북어민 북송' 반대에 ""흉악범인데 그냥 돌려보내면 안되나""…검찰 공소장 적시",탈북어민 강제북송 사건에 관련된 문재인 정부 안보라인 인사들을 재판에 넘긴 검찰이 공소장에 이들이 사건 당시 남북관계 개선을 위해 북송을 강행했다고 적시했다. 이 과정에서 송환과 귀순 절차 등을 규정한 국가안보실 매,https://n.news.naver.com/article/088/0000802726
17,사하라 사막에 모닥불이 타오르고...우린 함께 춤을 추었다,에사우이라는 카사블랑카에서 서남쪽으로 300km 떨어져 있다. 이곳은 모로코의 사하라 내륙 지역과 유럽의 각 항구를 연결했던 국제적으로 중요한 무역 항구였다. 겨울인데도 한낮에는 햇볕이 강해서 해변에는 옷을 벗고 선,https://n.news.naver.com/article/094/0000010748
18,"이부진 호텔신라 사장, 지난해 연봉 35억600만원 받아",이부진 호텔신라(008770) 사장이 지난해 35억600만원의 보수를 받았다. 9일 호텔신라에 따르면 이 사장의 연봉은 35억600만원으로 전년 41억4800억원 대비 15.5% 줄었다. 연봉은 급여 13억6600만,https://n.news.naver.com/article/421/0006675729
19,"""전대는 끝났다…이제 원팀"" 안철수, 연일 대표경선 승복 메시지","安 ""높은 투표율과 결과로 당원 뜻 알아, 겸허히 수용"" ""김기현 新지도부에 아낌없는 응원…그간 조언·비판 새기겠다"" ""입당 얼마 안 됐어도 지지에 감사…단단해질 것"" 뼈있는 말 10일 캠프 해단식…대통령실 수석 고",https://n.news.naver.com/article/029/0002788149
20,"정의선, 울산공장 첫 방문 尹대통령에 ""코로나 이후 최대 생산·수출"" 다짐",현대자동차가 9일 울산공장을 첫 방문한 윤석열 대통령에게 코로나19 이후 국내에서 최대 생산 및 최다 수출 실적을 내겠다고 다짐했다. 이날 울산 장생포 울산부두에서 국내 최초 직류기반 하이브리드 전기추진선인 ‘태화호,https://n.news.naver.com/article/119/0002690872
21,비도 안 오는데 우산 쓰고 골목길에 '하얀 액체' 줄줄,우산을 쓴 남성 한 명이 골목길을 걸어갑니다. 잠시 뒤 위쪽 도로에서 나타난 모자를 쓴 남성. 그러자 골목길에 있던 남성이 모자 쓴 남성을 우산으로 가려주는 듯한 행동을 취합니다. 허리를 굽힌 채로 거리에 뭔가를 계,https://n.news.naver.com/article/214/0001258655
22,“거래소 추진 더딘데 회비 내라니”  부산블록체인협 1년 새 존폐 기로,부산 블록체인 산업 활성화를 목표로 2021년 9월에 만들어진 부산블록체인산업협회가 발족 1년여 만에 존폐 위기로 몰렸다. 부산 디지털자산거래소 참여가 속내였던 회원사들이 더딘 거래소 추진으로 협회에 불만을 갖기 시,https://n.news.naver.com/article/082/0001201775
23,"소득대체율이냐 재정안정이냐, 연금 개혁 해법은?","윤석열 정부가 ‘연금 개혁’을 ‘노동·교육 개혁’과 함께 3대 개혁으로 꼽았다. 이대로라면 1990년생이 65세가 되어 연금급여를 받기 시작하는 시점(2055년)에, 국민연금은 고갈된다. 연금 고갈은, 국민연금공단이",https://n.news.naver.com/article/308/0000032331
24,[KT CEO 잔혹사]② 반복된 낙하산 논란...KT는 왜 타깃이 되었나,"민영기업 KT를 향한 ‘외풍’ 논란은 CEO 교체기마다 끊이지 않고 반복돼 온 일이다. 이번에도 구현모 대표를 이을 차기 대표이사 후보 1인이 최종 확정되었지만, 정치권 일각에선 여전히 불만의 시선을 보내고 있다. ",https://n.news.naver.com/article/138/0002143904
25,"현대차 울산공장 찾은 尹…정의선 ""올해 코로나 이후 최대 생산·수출 목표""",현대자동차가 올해 코로나19 이후 국내에서 최대 생산과 수출에 나선다. 현대차는 이날 울산공장을 찾아 자동차 수출 선적 부두와 울산5공장 제네시스 생산라인 등을 둘러본 윤석열 대통령에게 이 같은 계획을 전했다. 정의,https://n.news.naver.com/article/030/0003083372
26,“키 크고 통통한 女 선호”…김성경·정가은 JMS 전도 당할 뻔,"넷플릭스 다큐 ‘나는 신이다: 신이 배신한 사람들’(이하 ‘나는 신이다’가 기독교복음선교회(JMS) 교주 정명석 총재의 만행을 폭로해 파문이 일고 있는 가운데 방송인 김성경, 정가은의 JMS 관련한 일화가 재조명되고",https://n.news.naver.com/article/009/0005099436
27,"이부진 호텔신라 사장, 지난해 연봉 35억원","이부진 호텔신라 사장이 지난해 35억600만원의 연봉을 받은 것으로 나타났다. 9일 호텔신라에 따르면 지난해 이부진 사장의 연봉은 급여 13억6600만원과 상여 21억3500만원, 기타근로소득 500만원 등 35억6",https://n.news.naver.com/article/243/0000041407
28,미국은 이민 문턱까지 낮췄는데…반도체 전쟁에 싸울 전사 없는 한국,“마이크론이 (인재를) 똑똑하게 만들어 놓으면 인텔이 데려가고 마이크론은 그 빈자리에 삼성과 SK하이닉스 인재를 뽑아 간다. 인텔이 키워 놓은 인재는 구글이나 엔비디아로 간다. 인재 양성은 저출산 문제만큼이나 복잡한,https://n.news.naver.com/article/050/0000064316
29,"닻 올린 김기현號, '新실세'는 이철규?","사무총장 하마평…與일각, '용산發 공천' 논란 우려도 김기현 국민의힘 신임 대표가 9일 취임한 후 여권의 관심은 당의 살림을 책임지는 '사무총장'에 쏠린다. 장제원 의원이 '윤핵관'(윤석열 대통령 핵심 관계자) 논란",https://n.news.naver.com/article/586/0000053800
30,"김건희 여사, 환경·동물보호 단체와 오찬… “환경과 동물보호, 취약계층 지원이 내 할 일”",윤석열 대통령 부인 김건희 여사는 9일 환경·동물보호 활동가들과 함께 오찬을 하며 이들의 활동을 격려했다. 김 여사는 “국민들이 쉽게 다가갈 수 있는 작은 실천이 중요하다”면서 “누구나 일상에서 참여할 수 있는 캠페,https://n.news.naver.com/article/366/0000883886
31,"김건희 여사, 여성의 날 행사 참석 ""여성 사회 안전망 확충 위해 정부 노력해야""","한국여성단체협의회 주최 행사 참석 윤석열 대통령 배우자인 김건희 여사는 8일 ""여성들의 사회 안전망 확충을 위해 정부와 사회가 함께 노력해야 할 것""이라고 말했다. 이도운 대통령실 대변인은 8일 오후 서면 브리핑을 ",https://n.news.naver.com/article/310/0000104770
32,“5만 원이 뭐라고”...관리비 갈등에 이웃들 찌르고 목숨 끊은 50대,제천의 다세대 주택에서 50대 남성이 이웃 주민 네 명에게 흉기를 휘둘렀습니다. 이전에도 이웃집에 칼을 꽂아 놓는 등 위협을 서슴지 않았다고 하는데요. 이유는 매월 관리비 5만 원 때문이었습니다. 주민들은 다행히 생,https://n.news.naver.com/article/655/0000008414
33,"[주간 뉴스타파] 한국 정부, 친환경 가면 쓴 대기업에 특혜 펑펑",친환경 재생에너지로 주목받고 있는 목재 펠릿과 바이오중유 등의 이면에는 잘 알려지지 않은 불편한 진실이 있다. 바로 동남아시아 지역 삼림파괴와 환경오염이다. 오늘 주간뉴스타파는 한국 대기업이 인도네시아 등에 진출해 ,https://n.news.naver.com/article/607/0000001422
34,"유동규 “김만배 지분 절반, 이재명 대통령 만들기용… 李도 알고 있었다”",불법 정치자금 수수 혐의로 재판에 넘겨진 김용 전 민주연구원 부원장의 재판에서 유동규 전 성남도시개발공사 기획본부장이 대장동 개발사업의 수익 일부가 ‘이재명 더불어민주당 대표를 대통령으로 만들기 위한 용도’였다고 재,https://n.news.naver.com/article/081/0003345006
35,"경관 생각하면 없애야 하지만, 매년 30억씩 입금…붕어섬 딜레마",강원도가 춘천시 의암호 붕어섬에 조성된 대규모 태양광발전단지를 두고 딜레마에 빠졌다. 춘천 삼악산케이블카 개장 이후 태양광단지가 경관을 해친다는 의견이 꾸준히 나오고 있지만 붕어섬이 각종 환경규제로 개발이 어려운데다,https://n.news.naver.com/article/087/0000956777
36,“얼굴에 야구공만한 구멍이”…‘反JMS’ 김도형 교수 부친도 테러당했다,기독교복음선교회(통칭 JMS) 총재 정명석(78)씨에 대한 이야기를 다룬 넷플릭스 다큐멘터리 ‘나는 신이다: 신이 배신한 사람들’이 공개된 이후 파장이 이어지고 있다. JMS 측이 반(反)JMS 활동가와 탈퇴 신자들,https://n.news.naver.com/article/023/0003750626
37,동시선거 3기 조합장 시대…“지방소멸 극복과 지역농업 발전에 힘쓰겠습니다”,"제3회 전국동시조합장선거가 투표율 약 80%로 마무리되며 동시선거 3기 조합장 시대가 활짝 열렸다. 이번 선거에선 농·축협, 산림조합, 수협에서 총 1346명이 당선의 영광을 거머쥐었다. 중앙선거관리위원회에 따르면 ",https://n.news.naver.com/article/662/0000015782
38,"유동규 ""10년간 '이재명 위해 산다' 셀프세뇌""","이재명 더불어민주당 대표의 불법 대선 경선 자금을 건넨 혐의로 기소된 유동규 전 성남도시개발공사 기획본부장은 ""김용 전 민주연구원 부원장이 '광주 남부지역 관리가 힘들고' ""돈이 없어서 애들이 너무 힘들어한다'며 2",https://n.news.naver.com/article/448/0000398934
39,"""일하다 죽으라는 뜻?""… 청년들 '주 69시간'에 '극 대노'",최근 정부가 내놓은 '근로시간 제도 개편안'에 대해 청년 노동자들이 반발하고 있다. 기존 노동계는 물론이고 MZ세대 노조로 불리며 주목받고 있는 '새로고침 노동자협의회'도 반대 입장을 내놓았다. 반면 정부는 극단적인,https://n.news.naver.com/article/014/0004979635
40,중국이 잡은 리튬 패권과 尹 정부의 과제 [視리즈],"지난해 3월 이후 리튬 수입가격이 폭등했다. 전월 대비 가격은 4배가량 올랐다. 그저 국제 리튬 가격이 올랐기 때문일까. 꼭 그렇지만은 않다. 국제 리튬 가격은 이미 8개월 전부터 올랐는데, 국내에 반영된 건 러시아",https://n.news.naver.com/article/665/0000000584
41,교통사고로 숨졌는데 외상없어…부사관 남편 의혹,어제(8일) 오전 강원도 동해시에서 SUV 차량이 옹벽을 들이받아 운전자가 크게 다치고 동승자인 아내가 숨지는 사고가 발생했습니다. 경찰도 단순 교통사고로 생각했는데 아파트 CCTV에 남편의 수상한 정황이 포착돼 군,https://n.news.naver.com/article/422/0000587875
42,[오늘 과학] 건물에 칠하면 내부 온도 낮아지는 페인트,미국 연구팀이 기존보다 흡수하는 열의 양이 적은 페인트를 개발했다. 건물 외벽에 개발한 페인트를 사용하면 열 흡수량이 줄어 기존 제품을 사용하는 것보다 건물 내부 온도를 6~7도 가량 낮출 수 있는 것이라는 게 연구,https://n.news.naver.com/article/584/0000022262
43,"넷플릭스 이용자 10명 중 6명 ""계정공유 단속하면 구독 끊겠다""",글로벌 온라인동영상서비스(OTT) 넷플릭스가 수익 악화를 극복하기 위해 계정공유시 추가 요금을 부과한다면 절반이 넘는 이용자가 구독을 끊겠다는 조사 결과가 나왔다. 한국언론진흥재단이 지난 2월23일부터 27일까지 넷,https://n.news.naver.com/article/417/0000902290
44,"서울대, 정순신 아들 논란에 ""할 수 있는 최대한 감점""(종합2보)","전학간 반포고 ""반성 등 고려해 만장일치로 징계기록 삭제"" ""서울대 입학사정관 요청으로 사실관계확인서도 보내"" 김수현 김준태 기자 = 국가수사본부장에 임명됐다가 낙마한 정순신 변호사 아들이 학교폭력(학폭) 전력에도 ",https://n.news.naver.com/article/001/0013804585
45,"이부진 호텔신라 사장, 지난해 연봉 35억 받았다",호텔신라가 지난해 삼성그룹 오너일가인 이부진 호텔신라 사장(사진)에게 35억600만원의 보수를 지급한 것으로 나타났다. 2021년(41억4800만원)보다 15% 줄어든 금액이다. 9일 호텔신라에 따르면 지난해 이 사,https://n.news.naver.com/article/015/0004819224
46,"[정치와이드] [미니인터뷰] 태영호 ""정진석, 발표 직후 '영호야'…연고 없었던 것이 오히려 강점""",☎태영호 국민의힘 신임 최고위원 ----------------------------- 최수영 전 대통령직인수위 전문위원 윤기찬 변호사 김유정 전 민주당 의원 김종욱 전 청와대 행정관 #MBN #정치와이드 #국민의힘 ,https://n.news.naver.com/article/057/0001727702
47,"차량 충돌 숨진 아내…""부사관 남편, 모포 감싼 채 주변 맴돌아""",강원 동해시에서 육군 부사관이 몰던 승용차가 옹벽을 들이받는 사고가 발생해 동승했던 부인이 숨졌다. 군 당국은 사건에 미심쩍은 부분에 대한 수사에 착수했다. 9일 동해경찰서와 군 당국에 따르면 전날 오전 4시 58분,https://n.news.naver.com/article/469/0000727568
48,전남 강진 백련사 동백나무숲 - 남도에 봄이 스미는 풍경[정태겸의 풍경](43),"3월에 접어들면 남도의 동백도 마지막 불꽃을 태운다. 선명한 붉은빛으로 겨울과 봄 사이에 화려한 춤을 춘다. 동백은 가지 끝에서 한 번, 땅 위에서 또 한 번 핀다고 했다. 꽃잎이 아닌 봉오리째 떨어진 꽃은 백련사 ",https://n.news.naver.com/article/033/0000045362
49,尹 당선 1년…與 “국가정상화 다져”vs 野 “눈떠보니 후진국”,윤석열 대통령이 9일 당선 1주년을 맞은 가운데 여야는 상반된 평가를 내놓았다. 윤석열 대통령이 9일 울산광역시 울주군 온산국가산업단지에서 열린 에쓰오일(S-OIL) 샤힌 프로젝트 기공식을 마친 뒤 후세인 알 카타니,https://n.news.naver.com/article/018/0005439755
50,"노제 ""정산금 안줬다"" 소송에…소속사 ""갑질 논란 수습 바빴다""",엠넷 ‘스트릿 우먼 파이터’에 출연했던 안무가 노제(본명 노지혜)가 소속사와 정산 문제로 갈등을 빚으며 소송을 제기했다. 9일 연합뉴스에 따르면 노제는 지난해 12월 서울중앙지법에 소속사 스타팅하우스를 상대로 채무 ,https://n.news.naver.com/article/025/0003264729
51,"JMS 끌어와 변심 계기 밝힌 유동규 ""괘씸했다""",'발렌티노' 박스 들고 온 검찰... '이재명-정진상' 관계 따져 묻다 제지당하기도 ▲ 유동규 전 성남도시개발공사 본부장이 지난 1월 13일 서울중앙지법에서 열린 대장동 개발 사업 로비·특혜 의혹 관련 1심 속행 공,https://n.news.naver.com/article/047/0002384685
52,North Korea fires short-range missile into West Sea: JCS,"North Korea fired a single short-range ballistic missile from Nampo into the West Sea, according to South Korea's Joint ",https://n.news.naver.com/article/640/0000035960
53,예산시장 인기에 숙박비 2배 ‘껑충’…백종원 “개인 욕심 내려놔라” 호소,"예산군·백종원, 숙박업소·인근 상인들과 간담회 열어…“함께 뜻 모으자” 당부 백종원 더본코리아 대표가 ‘전통시장 부활 프로젝트’를 진행한 충남 예산시장이 인파로 북적이고 있다. 예산군 제공 충남 예산시장이 백종원 더",https://n.news.naver.com/article/022/0003790775
54,[단독] 엉터리 장비 도입…'특전사' 그들만의 상부상조,"육군 특수전사령부가 50억 원 규모의 훈련 장비를 도입했는데, 조사 결과 입찰 자격이 없는 업체가 계약을 따낸 걸로 확인됐습니다. 여기에는 전직, 현직 고위 장교들이 개입한 정황도 드러났습니다. 박재연 기자의 단독 ",https://n.news.naver.com/article/055/0001041368
55,"LG생활건강, 스타트업 베끼기 논란…""업계 1위가 왜""","애경과 토니모리 등이 자신들의 디자인을 모방했다며 검찰에 고소까지했던 LG생활건강(이하 LG생건)이 반대로 국내 한 스타트업의 제품 기술과 디자인, 콘셉트 등을 모방했다는 의혹에 휩싸였다. 9일 유통업계에 따르면 스",https://n.news.naver.com/article/092/0002285048
56,"""60일 안에 증시 폭락 온다""...리먼사태 베스트셀러 작가의 경고",리먼브라더스 사태의 베스트셀러 작가이자 미국 투자정보업체 베어 트랩스 리포트의 창업자 래리 맥도날드(Larry McDonald)가 미국 증시 폭락 가능성을 경고했다. 8일(현지시간) 폭스비즈니스에 따르면 맥도날드는 ,https://n.news.naver.com/article/215/0001087650
57,"기동민 ""검찰 공소장, 거짓 짜깁기한 허술한 창작물""","기동민 더불어민주당 의원은 9일 '라임사태' 핵심 인물인 김봉현 전 스타모빌리티 회장으로부터 불법 정치자금을 받은 혐의로 불구속 기소된 것과 관련, ""검찰의 공소장은 허위와 거짓을 짜깁기한 허술한 창작물""이라고 반박",https://n.news.naver.com/article/656/0000044360
58,[단독/탐사K]① 숨어있는 ‘빌라왕’ 전수 추적…전국에 176명,■ 사기 조직은 '연결'돼 있었다 2021년 제주에서 숨진 '빌라왕' (악성 임대인) 정 모 씨. 그는 2021년 6월부터 빌라를 마구 사들이기 시작했습니다. 주로 신축을 노렸습니다. 숨지기 직전까지 그가 임대한 빌,https://n.news.naver.com/article/056/0011442346
59,[공시줍줍]주주제안을 거절할 수 있다고요?,3월 정기 주주총회 시즌을 앞두고 주주제안이 봇물을 이루는 요즘이에요. 주주제안은 일반주주들이 주총에 올릴 안건을 직접 제시하는 것을 말하는데요. 그럼 주주들이 제안을 하면 회사는 모두 수용해야 할까요. 꼭 그렇지는,https://n.news.naver.com/article/648/0000014510
60,"수상한 교통사고? 사망한 아내 외상이 없다…경찰, 강력범죄 가능성 의심 수사","동해에서 40대 남성이 몰던 SUV가 옹벽을 들이받아 동승자 아내가 숨지는 사고(본지 3월9일자 5면)와 관련해 군 당국과 경찰이 단순 교통사고가 아닌 다른 범행 가능성을 의심, 수사에 나섰다. 경찰과 소방당국에 따",https://n.news.naver.com/article/654/0000034418
61,순창 투표장 대참사..선관위도 안전은 '뒷전',◀ 앵커 ▶ 전국동시조합장선거가 치러지던 순창에서 지금까지 4명이 숨지고 16명이 부상하는 참사가 벌어졌습니다. 투표소가 차려졌던 사고 현장은 그런데 화물차의 통행이 잦은 자재창고인데다 차량 통제도 제대로 이뤄지지 ,https://n.news.naver.com/article/659/0000009759
62,Z세대 입맛에 맞게 변화하는 세상,소통 즐기고 개성 강한 Z세대 등장 이후 달라지고 있는 기업과 제품들 Z세대라는 말을 ‘진짜 Z세대’는 싫어한다고 한다. 누군가는 마케팅 용어에 불과하다고 말한다. 하지만 Z세대라는 용어가 등장한 이후 세상은 달라지,https://n.news.naver.com/article/037/0000032166
63,"검찰, 삼성이 준 정유라 말 '라우싱' 몰수절차 착수",검찰이 국정농단 사건 당시 최서원(개명 전 최순실)씨 딸 정유라씨가 삼성으로부터 받은 말을 몰수하기 위한 절차에 착수했다. 9일 법조계에 따르면 서울중앙지검은 최근 삼성이 정씨에게 건넸다가 돌려받은 마장마필용 말 ',https://n.news.naver.com/article/277/0005228796
64,"[단독]“노예처럼 살았다”…경찰, 부산 청소업체 내사","부산의 한 청소 용역 업체 직원들이 ""노예처럼 살았다""며 이렇게 시위에 나섰습니다. 대표의 갑질 탓에 대표 개인 텃밭에서 일을 하고, 명절 때면 상품권을 상납했다고 호소했는데요. 업체 대표는 전면 부인하는 상황, 경",https://n.news.naver.com/article/449/0000245350
65,"[심층] 영남대, 교수 징계에 징계 취소, 그리고 소송까지···총장 사유화 논란","◀앵커▶ 영남대학교가 학내 민주화를 주장하던 교수회 임원에게 중징계를 내렸는데, 교육부 교원소청심사위원회에서는 징계 처분 취소 결정을 내렸습니다. 그런데 학교 측은 여기에 불복하고 행정소송을 제기했습니다. 징계가 부",https://n.news.naver.com/article/657/0000012808
66,"중국인 노동자, 부산 타워크레인서 ‘7시간 고공시위’",중국 국적 노동자가 9일 부산의 한 건물 신축 공사 현장에서 임금 문제로 7시간가량 고공 시위를 했다. 경찰에 따르면 이날 오전 11시 30분쯤 부산 사하구 15층짜리 건물 신축 공사 현장에서 목수로 일하는 중국 국,https://n.news.naver.com/article/032/0003209917
67,"尹대통령, 김건희 여사와 함께 16~17일 방일…한일정상회담 개최","대통령실 ""한일관계 개선과 발전의 중요한 이정표 될 것"" 윤석열 대통령과 김건희 여사가 일본 정부의 초청으로 16~17일 1박 2일 일정으로 일본을 방문한다고 대통령실이 밝혔다. 이번 방일은 지난 6일 박진 외교부 ",https://n.news.naver.com/article/629/0000205005
68,"'징맨' 황철순 아내 ""폭행 사건 자작극, 이간질하는 사람들 때문""","기사내용 요약 황 씨, 아내 폭행 영상에 ""폭행 사실 아냐, 연출된 상황"" 해명 허서우 인턴 기자 = 트레이너 황철순 씨가 아내 A씨를 폭행하는 영상이 공개된 가운데, A씨가 폭행은 사실이 아닌 연출된 상황이라고 해",https://n.news.naver.com/article/003/0011732071
69,"상공 150m 한평 남짓, 그녀가 차별 피해 올라간 곳[여성의날 기획]",타워크레인 조종사 박미성 씨 1908년 미국 뉴욕 한 피복회사의 열악한 작업장에서 146명의 여성노동자들이 불에 타 죽는 참혹한 사건이 발생했습니다. 분노한 여성노동자 1만5000명이 1908년 3월8일 뉴욕 한복판,https://n.news.naver.com/article/002/0002278539
70,발 빼는 동학개미들...삼성전자서 석 달간 개미 20만명 떠났다,한때 소액주주가 600만명을 넘어서며 명실상부한 ‘국민주’의 위치에 오른 삼성전자에 대해 지난해 하반기 이후 개미투자자들의 이탈이 크게 늘고 있다. 반도체 업황 악화로 주가 부진이 거듭되자 석 달 만에 20만명 정도,https://n.news.naver.com/article/024/0000080531
71,"고가주택, 그대로 상속 vs 팔고 현금으로 상속.. 어떤 게 나을까","고가주택은 그대로 자녀에게 상속·증여하는 것이 좋을까, 아니면 팔고 현금으로 물려주는 것이 좋을까. 법무법인 바른과 조세일보는 9일 오후 2시~3시 30분 '종부세 절세 가이드' 웨비나(유튜브 생중계)를 공동 개최하",https://n.news.naver.com/article/123/0002299359
72,기승전 정부 탓… 부모와 의절 부르는 ‘정치병’,정치병은 병적으로 정치에 집착하는 행위를 일컫는 표현이다. 물론 의학적 진단명은 아니다. 정치의 중요성은 따로 언급할 필요가 없지만 모든 사안을 정치와 연관시키는 사람들이 있다. 이들은 시도 때도 없이 정치적 신념을,https://n.news.naver.com/article/346/0000058892
73,“송혜교 복수까지만 보고 끊을래요” 넷플릭스 추가 요금 징수 반발 확산,"“계정 공유 금지되면 구독 끊을 것”(넷플릭스 이용자) 넷플릭스가 올해 초부터 계정 공유 금지 정책을 일부 국가에 도입하며 본격화하자, 국내 도입도 머지 않았다는 전망이 나오고 있다. 이같은 소식에 국내 일부 이용자",https://n.news.naver.com/article/016/0002114449
74,"KBS '빌라왕' 보도, 각종 공공데이터 입수해 배후세력 추적","389회 이달의 기자상에는 총 53편이 출품됐으며, 이 중 5개 부문에서 7편이 수상의 영예를 안았다. 이번 달에는 가장 경쟁이 치열한 취재보도 1부문(정치, 사회)에서 3편의 수상작이 나왔다. 취재보도 1부문에는 ",https://n.news.naver.com/article/127/0000033793
75,"""기꺼이 친일파 되겠다""는 충북지사에 시민단체 ""모멸감""[어텐션 뉴스]",온라인 핫 뉴스만 콕콕…[어텐션 뉴스] CBS 정다운의 뉴스톡 530 방송 : CBS 라디오 '정다운의 뉴스톡 530' ■ 채널 : 표준FM 98.1 (17:30~18:00) ■ 진행 : 정다운 앵커 오늘 하루 온라,https://n.news.naver.com/article/079/0003745888
76,[단독] 청년 '영끌족' 4900명 724억 '이자 탕감' 받았다,"지난해 9월부터 단기 연체가 있는 청년을 대상으로 '신속채무조정'이 시행됐습니다. 이를 두고 당시 '영끌족'까지 도와주냐는 논란까지 있었는데, 현재까지 지원받은 청년 수만 5천 명에 육박하는 것으로 파악됐습니다. 김",https://n.news.naver.com/article/374/0000326359
77,[영상] 법무부의 '화성여자교도소' 신설…주민 반발 심화,"화성시 마도면 주민들이 법무부가 추진 중인 ‘화성여자교도소 신설’ 철회를 촉구하는 대규모 집회를 열었다. 이날 집회에는 더불어민주당 송옥주 국회의원(화성갑)과 김경희 화성시의회 의장, 마도면 비상대책위원회와 주민 1",https://n.news.naver.com/article/666/0000005685
78,"“제 얼굴 보고 믿으세요” 女승객, 택시비 9000원 먹튀…“아, 속았구나”",서울의 한 택시기사가 “내 얼굴 보고 믿어달라”는 승객의 부탁을 들어줬다가 ‘먹튀’(돈을 지불하지 않고 달아남) 당했다고 토로했다. 서울에서 택시운전을 한다는 A 씨는 7일 온라인커뮤니티 보배드림에 사연과 영상을 올,https://n.news.naver.com/article/020/0003484337
79,“쌍용차? 지금은 수명 연장 수준”… 갈 길 멀다,"KG 곽재선 매직? 6년 만에 흑자전환 ● 스킨십 경영과 빠른 의사결정 강점 ● 토레스 사전판매 첫날 계약 대수 1만2000대 ● “전문성 살리고, 기술 투자 늘려야” ● 후속 베스트셀러 나와야 경영 안정화 적자의 ",https://n.news.naver.com/article/262/0000016328
80,'강백호의 3콤보' 이쯤되면 기본의 문제,"2023 월드베이스볼클래식(WBC) B조 1차전 한국 대 호주의 경기에서 강백호가 세리머니를 하다 아웃되는 불상사가 발생했다. 앞서 강백호는 평가전에서 '산책 주루'를 펼쳤고, 지난 도쿄올림픽 동메달 결정전에선 '껌",https://n.news.naver.com/article/053/0000034957
81,[인터뷰] “검사도 JMS 돕더라” 김도형 교수의 24년 싸움,"“나도 텔레비전에서 사이비 교주 고발 프로를 보면, ‘저런 사이비 종교가 어디 있겠어?’라며 딴 세상 이야기인 줄만 알았다. 그런데 사이비 종교는 멀리 있지 않다. 여성들이 (성범죄에 노출된 채) 정명석 기독교복음선",https://n.news.naver.com/article/028/0002630737
